id;name;ip_addr;o_s;access_username;access_password
1;sensor methodology Operations;Computers Direct;Sharable solid state primary;Cambridgeshire Cross-platform;24 hour
2;Open-architected non-volatile;success Money Market Account mobile;deposit Lilangeni;Metal Checking Account 24/7;transform
3;Liaison Handcrafted;Micronesia models;Buckinghamshire Analyst;Bike hybrid;Architect Executive Tools
4;Rustic;Technician Tuna;virtual Multi-channelled;Lead;Direct Corporate
5;Agent deposit;facilitate white back up;invoice payment;Orchestrator Cedi Intelligent Fresh Salad;Pa'anga quantifying Practical
6;Response Plastic cross-platform;Suriname;Polarised;Enterprise-wide Mississippi Investment Account;Locks JBOD
7;system;Benin;Jewelery withdrawal compressing;bypassing Programmable;Meadow Granite Singapore
8;program;mint green Chief Robust;enable;even-keeled;Berkshire multi-byte Tools
9;Hat;green;orange Georgia hacking;Bedfordshire Kids New Leu;SSL
10;Cambridgeshire;lavender Somali Shilling redundant;Rustic Bedfordshire Computers;back-end array;interfaces
