id;name;description;inspec_code
1;calculate invoice Metal;Pennsylvania;Intelligent Fresh Fish 24/7 calculate
2;Licensed Concrete Bike system engine;rich calculate;Synergized calculating digital
3;tertiary;connecting;vortals Organized Licensed
4;PCI withdrawal;Ways red Connecticut;Refined Frozen Car South Africa Centralized
5;Chief Music;Investment Account Division;Berkshire bypass
6;Berkshire approach;Divide Granite;web-readiness
7;multi-tasking;plug-and-play model Central;UAE Dirham Wooden
8;Bedfordshire Licensed Fresh Table Home Loan Account;application Concrete;Wisconsin approach Brook
9;parse;Ergonomic Fresh Pizza;protocol interface
10;Savings Account Ergonomic Concrete Gloves;deposit Shoes matrix;Investment Account Buckinghamshire Russian Federation
