id;title;ref_name
1;Global firewall e-tailers;Dobra JSON intranet
2;Innovative Circle knowledge base;Grenada Home Loan Account
3;cross-media;Svalbard & Jan Mayen Islands
4;Awesome;Berkshire Guarani Tools
5;mobile salmon;South Dakota
6;deliverables;bypassing utilize
7;e-business Personal Loan Account;Tasty Steel Table Configuration
8;compress;Credit Card Account Rustic Wooden Ball definition
9;override Buckinghamshire Ergonomic Concrete Soap;COM
10;cohesive Savings Account Money Market Account;primary
