id;description;input;ref_name
1;Auto Loan Account Frozen;false;Integrated
2;Bedfordshire;true;bleeding-edge PCI
3;hack payment workforce;false;Directives withdrawal
4;Heights;false;uniform
5;European Monetary Unit (E.M.U.-6);true;Stravenue
6;mint green;false;payment Practical Plastic Hat white
7;Corporate bandwidth-monitored cultivate;true;Colombia 1080p
8;Credit Card Account Iraq;true;protocol Somalia International
9;Gorgeous Practical Gorgeous;false;Cambridgeshire auxiliary interface
10;Sleek Frozen Computer;true;Ergonomic Wooden Soap
